<Categories>
	<Category>
		<Industry>Agriculture and Mining</Industry>
		<subindustry>Farming and Ranching</subindustry>
		<subindustry>Fishing, Hunting and Forestry and Logging</subindustry>
		<subindustry>Mining and Quarrying</subindustry>
		<subindustry>Agriculture and Mining</subindustry>
	</Category>
	<Category>
		<Industry>Business Services</Industry>
		<subindustry>Accounting and Tax Preparation</subindustry>
		<subindustry>Advertising, Marketing and PR</subindustry>
		<subindustry>Data and Records Management</subindustry>
		<subindustry>Facilities Management and Maintenance</subindustry>
		<subindustry>HR and Recruiting Services</subindustry>
		<subindustry>Legal Services</subindustry>
		<subindustry>Management Consulting</subindustry>
		<subindustry>Payroll Services</subindustry>
		<subindustry>Sales Services</subindustry>
		<subindustry>Security Services</subindustry>
		<subindustry>Business Services Other</subindustry>
	</Category>
	<Category>
		<Industry>Computer and Electronics</Industry>
		<subindustry>Audio, Video and Photography</subindustry>
		<subindustry>Computers, Parts and Repair</subindustry>
		<subindustry>Consumer Electronics, Parts and Repair</subindustry>
		<subindustry>IT and Network Services and Support</subindustry>
		<subindustry>Instruments and Controls</subindustry>
		<subindustry>Network Security Products</subindustry>
		<subindustry>Networking equipment and Systems</subindustry>
		<subindustry>Office Machinery and Equipment</subindustry>
		<subindustry>Peripherals Manufacturing</subindustry>
		<subindustry>Semiconductor and Microchip Manufacturing</subindustry>
		<subindustry>Computer and Electronics Other</subindustry>
	</Category>
	<Category>
		<Industry>Consumer Services</Industry>
		<subindustry>Automotive Repair and Maintenance</subindustry>
		<subindustry>Funeral Homes and Services</subindustry>
		<subindustry>Laundry and Dry Cleaning</subindustry>
		<subindustry>Parking Lots and Garage Management</subindustry>
		<subindustry>Personal Care</subindustry>
		<subindustry>Photofinishing Services</subindustry>
		<subindustry>Consumer Services Other</subindustry>
	</Category>
	<Category>
		<Industry>Education</Industry>
		<subindustry>Colleges and Universities</subindustry>
		<subindustry>Elementary and Secondary Schools</subindustry>
		<subindustry>Libraries, Archives and Museums</subindustry>
		<subindustry>Sports, Arts, and Recreation Instruction</subindustry>
		<subindustry>Technical and Trade Schools</subindustry>
		<subindustry>Test Preparation</subindustry>
		<subindustry>Education Other</subindustry>
	</Category>
	<Category>
		<Industry>Energy and Utilities</Industry>
		<subindustry>Alternative Energy Sources</subindustry>
		<subindustry>Gas and Electric Utilities</subindustry>
		<subindustry>Gasoline and Oil Refineries</subindustry>
		<subindustry>Sewage Treatment Facilities</subindustry>
		<subindustry>Waste Management and Recycling</subindustry>
		<subindustry>Water Treatment and Utilities</subindustry>
		<subindustry>Energy and Utilities Other</subindustry>
	</Category>
	<Category>
		<Industry>Financial Services</Industry>
		<subindustry>Banks</subindustry>
		<subindustry>Credit Cards and Related Services</subindustry>
		<subindustry>Credit Unions</subindustry>
		<subindustry>Insurance and Risk Management</subindustry>
		<subindustry>Investment Banking and Venture Capital</subindustry>
		<subindustry>Lending and Mortgage</subindustry>
		<subindustry>Personal Financial Planning and Private Banking</subindustry>
		<subindustry>Securities Agents and Brokers</subindustry>
		<subindustry>Trust, Fiduciary, and Custody Activities</subindustry>
		<subindustry>Financial Services Other</subindustry>
	</Category>
	<Category>
		<Industry>Government</Industry>
		<subindustry>International Bodies and Organizations</subindustry>
		<subindustry>Local Government</subindustry>
		<subindustry>National Government</subindustry>
		<subindustry>State/Provincial Government</subindustry>
		<subindustry>Government Other</subindustry>
	</Category>
	<Category>
		<Industry>Health, Pharmaceuticals, and Biotech</Industry>
		<subindustry>Biotechnology</subindustry>
		<subindustry>Diagnostic Laboratories</subindustry>
		<subindustry>Doctors and Health Care Practitioners</subindustry>
		<subindustry>Hospitals</subindustry>
		<subindustry>Medical Devices</subindustry>
		<subindustry>Medical Supplies and Equipment</subindustry>
		<subindustry>Outpatient Care Centers</subindustry>
		<subindustry>Personal Health Care Products</subindustry>
		<subindustry>Pharmaceuticals</subindustry>
		<subindustry>Residential and Long-term Care Facilities</subindustry>
		<subindustry>Veterinary Clinics and Services</subindustry>
		<subindustry>Health, Pharmaceuticals, and Biotech Other</subindustry>
	</Category>
	<Category>
		<Industry>Manufacturing</Industry>
		<subindustry>Aerospace and Defense</subindustry>
		<subindustry>Automobiles, Boats and Motor Vehicles</subindustry>
		<subindustry>Chemicals and Petrochemicals</subindustry>
		<subindustry>Concrete, Glass and Building Materials</subindustry>
		<subindustry>Farming and Mining Machinery and Equipment</subindustry>
		<subindustry>Food and Dairy Product Manufacturing and Packaging</subindustry>
		<subindustry>Furniture Manufacturing</subindustry>
		<subindustry>Metals Manufacturing</subindustry>
		<subindustry>Nonalcoholic Beverages</subindustry>
		<subindustry>Paper and Paper Products</subindustry>
		<subindustry>Plastics and Rubber Manufacturing</subindustry>
		<subindustry>Textiles, Apparel and Accessories</subindustry>
		<subindustry>Tools, Hardware and Light Machinery</subindustry>
		<subindustry>Manufacturing Other</subindustry>
	</Category>
	<Category>
		<Industry>Media and Entertainment</Industry>
		<subindustry>Motion Picture Exhibitors</subindustry>
		<subindustry>Motion Picture and Recording Producers</subindustry>
		<subindustry>Newspapers, Books, and Periodicals</subindustry>
		<subindustry>Performing Arts</subindustry>
		<subindustry>Radio, Television Broadcasting</subindustry>
		<subindustry>Media and Entertainment Other</subindustry>
	</Category>
	<Category>
		<Industry>Non-profit</Industry>
		<subindustry>Advocacy Organizations</subindustry>
		<subindustry>Charitable Organizations and Foundations</subindustry>
		<subindustry>Professional Associations</subindustry>
		<subindustry>Religious Organizations</subindustry>
		<subindustry>Social and Membership Organizations</subindustry>
		<subindustry>Trade Groups and Labor Unions</subindustry>
		<subindustry>Non-profit Other</subindustry>
	</Category>
	<Category>
		<Industry>Real Estate and Construction</Industry>
		<subindustry>Architecture, Engineering and Design</subindustry>
		<subindustry>Construction Equipment and Supplies</subindustry>
		<subindustry>Construction and Remodeling</subindustry>
		<subindustry>Property Leasing and Management</subindustry>
		<subindustry>Real Estate Agents and Appraisers</subindustry>
		<subindustry>Real Estate Investment and Development</subindustry>
		<subindustry>Real Estate and Construction Other</subindustry>
	</Category>
	<Category>
		<Industry>Retail</Industry>
		<subindustry>Automobile Dealers</subindustry>
		<subindustry>Automobile Parts and Supplies</subindustry>
		<subindustry>Beer, Wine and Liquor Stores</subindustry>
		<subindustry>Clothing and Shoe Stores</subindustry>
		<subindustry>Department Stores</subindustry>
		<subindustry>Florist</subindustry>
		<subindustry>Furniture Stores</subindustry>
		<subindustry>Gasoline Stations</subindustry>
		<subindustry>Grocery and Specialty Stores</subindustry>
		<subindustry>Hardware and Building Material Dealers</subindustry>
		<subindustry>Jewelry, Luggage, and Leather Goods</subindustry>
		<subindustry>Office Supplies Stores</subindustry>
		<subindustry>Restaurants and Bars</subindustry>
		<subindustry>Sporting Goods, Hobby, Books and Music Stores</subindustry>
		<subindustry>Retail Others</subindustry>
	</Category>
	<Category>
		<Industry>Software and Internet</Industry>
		<subindustry>Data Analytics, Management, and Internet</subindustry>
		<subindustry>E-Commerce and Internet Business</subindustry>
		<subindustry>Games and Gaming</subindustry>
		<subindustry>Software</subindustry>
		<subindustry>Software and Internet Other</subindustry>
	</Category>
	<Category>
		<Industry>Telecommunications</Industry>
		<subindustry>Cable and Television Providers</subindustry>
		<subindustry>Telecommunications Equipment and Accessories</subindustry>
		<subindustry>Telephone Service Providers and Carriers</subindustry>
		<subindustry>Video and Teleconferencing</subindustry>
		<subindustry>Wireless and Mobile</subindustry>
		<subindustry>Telecommunications Other</subindustry>
	</Category>
	<Category>
		<Industry>Transportation and Storage</Industry>
		<subindustry>Air Couriers and Caro Services</subindustry>
		<subindustry>Airport, Harbor, and Terminal Operations</subindustry>
		<subindustry>Freight Hauling (Rail and Truck)</subindustry>
		<subindustry>Marine and Inland Shipping</subindustry>
		<subindustry>Moving Companies and Services</subindustry>
		<subindustry>Postal, Express Delivery and Couriers</subindustry>
		<subindustry>Warehousing and Storage</subindustry>
		<subindustry>Transportation and Storage Other</subindustry>
	</Category>
	<Category>
		<Industry>Travel Recreation and Leisure</Industry>
		<subindustry>Amusement Parks and Attractions</subindustry>
		<subindustry>Cruise Ship Operations</subindustry>
		<subindustry>Gambling and Gaming Lodging</subindustry>
		<subindustry>Participatory Sports and Recreation</subindustry>
		<subindustry>Passenger Airlines</subindustry>
		<subindustry>Rental Cars</subindustry>
		<subindustry>Resorts and Casinos</subindustry>
		<subindustry>Spectator Sports and Teams</subindustry>
		<subindustry>Taxi, Buses and Transit Systems</subindustry>
		<subindustry>Travel Agents and Services</subindustry>
		<subindustry>Travel, Recreations and Leisure Other</subindustry>
	</Category>
	<Category>
		<Industry>Wholesale and Distribution</Industry>
		<subindustry>Apparel Wholesalers</subindustry>
		<subindustry>Automobile Parts Wholesalers</subindustry>
		<subindustry>Food and Beverages Wholesalers</subindustry>
		<subindustry>Chemicals and Plastics Wholesalers</subindustry>
		<subindustry>Grocery and Food Wholesalers</subindustry>
		<subindustry>Lumber and Construction Materials Wholesalers</subindustry>
		<subindustry>Metal and Mineral Wholesalers</subindustry>
		<subindustry>Office Equipment and Suppliers Wholesalers</subindustry>
		<subindustry>Petroleum Products Wholesalers</subindustry>
	</Category>
</Categories>