<?xml version="1.0" encoding="UTF-8"?>
<configuration status="DEBUG">
 <Properties>
    <Property name="isThreadContextMapInheritable">true</Property>
 </Properties>
 <appenders>
    <Console name="console-appender" target="SYSTEM_OUT">
       <PatternLayout pattern="%d{HH:mm:ss.SSS} [%t] %-5level %logger{36} - %msg%n" />
     </Console>
     <File name="file-appender" fileName="./naas.log" append="true">
            <PatternLayout pattern="%d{HH:mm:ss.SSS} [%t] %-5level %logger{36} - %msg%n" />
        </File>
  	 <JDBC name="db-appender" tableName="application_log">
      <!-- <DataSource jndiName="java:/datasources/NaasDS" />  -->
      <DataSource jndiName="java:comp/env/jdbc/NaasDS" />
      <Column name="achName" pattern="%X{achName}" />
      <Column name="userName" pattern="%X{userName}" />
      <Column name="eventDate" isEventTimestamp="true" />
      <Column name="eventType" pattern="%X{eventType}"/>
      <Column name="entityId" pattern="%X{entityId}" />
      <Column name="entityName" pattern="%X{entityName}"/>
      <Column name="message" pattern="%message" />
  </JDBC>
 </appenders>
 
 <Loggers>
	<Root level="error">
		<AppenderRef ref="console-appender" />
	</Root>
	<Logger name="dbLogger" level="debug" additivity="false">
		<AppenderRef ref="db-appender" />
	</Logger>
    <Logger name="fileLogger" level="debug" additivity="false">
        <AppenderRef ref="file-appender" />
    </Logger>
	
 </Loggers>
</configuration>