<jboss-deployment-structure>
	<deployment>
		<!-- Exclusions allow you to prevent the server from automatically adding some dependencies -->
		<exclusions>
			<module name="org.apache.commons.logging" />
			<module name="org.apache.log4j" />
			<module name="org.jboss.logging" />
			<module name="org.jboss.logging.jul-to-slf4j-stub" />
			<module name="org.jboss.logmanager" />
			<module name="org.jboss.logmanager.log4j" />
			<module name="org.dom4j" />
			<module name="org.slf4j" />
			
		</exclusions>
		<dependencies>
        <!-- add your project dependencies here -->
            <!-- <module name="org.slf4j" /> -->

        </dependencies>
	</deployment>
</jboss-deployment-structure>